Bus Color,Picked Color,Time
red,red,1.5786843299865723
green,green,0.8123838901519775
blue,yellow,0.9077413082122803
purple,purple,0.9146556854248047
